"0","final_2016 %>% 
  clean_names() %>% 
  mutate(age = round(as.numeric(gsub(""[^[:digit:]]:"","""",age)),0)) %>%
  mutate(age = ifelse(age > 100, NA, age)) %>% 
  mutate(country = str_replace(country, ""United States"", ""US"")) %>%
  mutate(country = str_replace(country, ""USA"", ""US"")) %>% 
  mutate(country = str_replace(country, ""usa"", ""US"")) %>% 
  mutate(country = str_replace(country, ""US of America"", ""US"")) %>% 	
  mutate(country = str_replace(country, ""uSA"", ""US"")) %>% 
  mutate(country = str_replace(country, ""united states"", ""US"")) %>% 
  mutate(country = str_replace(country, ""us"", ""US"")) %>% 
  mutate(country = str_replace(country, ""US!"", ""US"")) %>% 
  mutate(country = str_replace(country, ""U.S.A."", ""US"")) %>% 
  mutate(country = str_replace(country, ""Murica"", ""US"")) %>% 
  mutate(country = str_replace(country, ""Usa"", ""US"")) %>% 
  mutate(country = str_replace(country, ""U.S."", ""US"")) %>% 
  mutate(country = str_replace(country, ""Units States"", ""US"")) %>% 
  mutate(country = str_replace(country, ""Us"", ""US"")) %>% 
  mutate(country = str_replace(country, ""United states"", ""US"")) %>% 
  mutate(country = str_replace(country, ""US USA USA"", ""US"")) %>% 
  mutate(country = str_replace(country, ""the best one - US"", ""US"")) %>% 
  mutate(country = str_replace(country, ""US USA! USA!	"", ""US"")) %>% 
  mutate(country = str_replace(country, ""u.s."", ""US"")) %>% 
  mutate(country = str_replace(country, ""there isn't one for old men"", ""US"")) %>% 
  mutate(country = str_replace(country, ""u.s."", ""US"")) %>% 
  mutate(country = str_replace(country, ""The Yoo Ess of Aaayyyyyy"", ""US"")) %>% 
  mutate(country = str_replace(country, ""US of america"", ""US"")) %>% 
  mutate(country = str_replace(country, ""u.s."", ""US"")) %>% 
  mutate(country = str_replace(country, ""u.s."", ""US"")) %>% 
  mutate(country = str_replace(country, ""United states"", ""US"")) %>% 
  mutate(country = str_replace(country, ""	US!!!!!"", ""US"")) %>% 
  mutate(country = str_replace(country, ""US USA!"", ""US"")) %>% 
  mutate(country = str_replace(country, ""United Sates"", ""US"")) %>% 
  mutate(country = str_replace(country, ""Sub-Canadian North America...'Merica"", ""US"")) %>% 
  mutate(country = str_replace(country, ""Trumpistan"", ""US"")) %>% 
  mutate(country = str_replace(country, ""America"", ""US"")) %>% 
  mutate(country = str_replace(country, ""US USA! USA!"", ""US"")) %>% 
  mutate(country = str_replace(country, ""Japan"", ""Other"")) %>% 
  mutate(country = str_replace(country, ""canada"", ""Canada"")) %>% 
  mutate(country = str_replace(country, ""france"", ""Other"")) %>% 
  mutate(country = str_replace(country, ""A tropical island south of the equator"", ""Other"")) %>% 
  mutate(country = str_replace(country, ""england"", ""UK"")) %>% 
  mutate(country = str_replace(country, ""uk"", ""UK"")) %>% 
  mutate(country = str_replace(country, ""Switzerland"", ""Other"")) %>% 
  mutate(country = str_replace(country, ""United Kingdom"", ""UK"")) %>% 
  mutate(country = str_replace(country, ""Korea"", ""Other"")) %>% 
  mutate(country = str_replace(country, ""51.0"", ""US"")) %>% 
  mutate(country = str_replace(country, ""croatia"", ""Other"")) %>% 
  mutate(country = str_replace(country, ""Portugal"", ""Other"")) %>% 
  mutate(country = str_replace(country, ""England"", ""Other"")) %>% 
  mutate(country = str_replace(country, ""US USA!"", ""US"")) %>% 
  mutate(country = str_replace(country, ""47.0"", ""US"")) %>% 
  mutate(country = str_replace(country, ""Cascadia"", ""US"")) %>% 
  mutate(country = str_replace(country, ""espaÃ±a"", ""Other"")) %>% 
  mutate(country = str_replace(country, ""france"", ""Other"")) %>% 
  mutate(country = str_replace(country, ""Panama"", ""Other"")) %>% 
  mutate(country = str_replace(country, ""United Kindom"", ""UK"")) %>% 
  mutate(country = str_replace(country, ""AUStralia"", ""Other"")) %>% 
  mutate(country = str_replace(country, ""hungary"", ""Other"")) %>% 
  mutate(country = str_replace(country, ""Austria"", ""Other"")) %>% 
  mutate(country = str_replace(country, ""New Zealand	"", ""Other"")) %>% 
  mutate(country = str_replace(country, ""54.0"", ""US"")) %>% 
  mutate(country = str_replace(country, ""Germany"", ""Other"")) %>% 
  mutate(country = str_replace(country, ""Mexico"", ""Other"")) %>% 
  mutate(country = str_replace(country, ""AUStralia"", ""Other"")) %>% 
  mutate(country = str_replace(country, ""44.0"", ""US"")) %>% 
  mutate(country = str_replace(country, ""Brasil"", ""Other"")) %>% 
  mutate(country = str_replace(country, ""South Korea"", ""Other"")) %>% 
  mutate(country = str_replace(country, ""US!!!!!"", ""Other"")) %>% 
  mutate(country = str_replace(country, ""Philippines"", ""Other"")) %>% 
  mutate(country = str_replace(country, ""EUA"", ""Other"")) %>% 
  mutate(country = str_replace(country, ""45.0"", ""Other"")) %>% 
  mutate(country = str_replace(country, ""sweden"", ""Other"")) %>% 
  mutate(country = str_replace(country, ""The Netherlands"", ""Other"")) %>% 
  mutate(country = str_replace(country, ""Finland"", ""Other"")) %>% 
  mutate(country = str_replace(country, ""US USA!"", ""US"")) %>% 
  mutate(country = str_replace(country, ""belgium"", ""Other"")) %>%
  mutate(country = str_replace(country, ""France"", ""Other"")) %>% 
  mutate(country = str_replace(country, ""AUStria"", ""Other"")) %>% 
  mutate(country = str_replace(country, ""New Zealand"", ""Other"")) %>% 
  mutate(country = str_replace(country, ""South Other"", ""Other"")) 
"
"2","Warning: NAs introduced by coercion"
