"0","##boing_boing_candy_2017 data cleaned and pivoted, now with candy and rating in separate columns"
"0",""
"0","# -removed unnecessary columns"
"0","# -renamed columns"
"0","# -scipen to remove scientific notation "
"0","# -remove first characters of column names "
"0","# -many mutates on country so left with US, UK, Canada and Other or NA"
"0","# -pivot so that candy is in one and rating in another column"
"0","# -add and remove further columns"
"0",""
"0","colnames(boing_boing_candy_2017)"
"1","  [1]"
"1"," ""Internal ID""                                                                           "
"1","
"
"1","  [2]"
"1"," ""Q1: GOING OUT?""                                                                        "
"1","
"
"1","  [3]"
"1"," ""Q2: GENDER""                                                                            "
"1","
"
"1","  [4]"
"1"," ""Q3: AGE""                                                                               "
"1","
"
"1","  [5]"
"1"," ""Q4: COUNTRY""                                                                           "
"1","
"
"1","  [6]"
"1"," ""Q5: STATE, PROVINCE, COUNTY, ETC""                                                      "
"1","
"
"1","  [7]"
"1"," ""Q6 | 100 Grand Bar""                                                                    "
"1","
"
"1","  [8]"
"1"," ""Q6 | Anonymous brown globs that come in black and orange wrappers\t(a.k.a. Mary Janes)"""
"1","
"
"1","  [9]"
"1"," ""Q6 | Any full-sized candy bar""                                                         "
"1","
"
"1"," [10]"
"1"," ""Q6 | Black Jacks""                                                                      "
"1","
"
"1"," [11]"
"1"," ""Q6 | Bonkers (the candy)""                                                              "
"1","
"
"1"," [12]"
"1"," ""Q6 | Bonkers (the board game)""                                                         "
"1","
"
"1"," [13]"
"1"," ""Q6 | Bottle Caps""                                                                      "
"1","
"
"1"," [14]"
"1"," ""Q6 | Box'o'Raisins""                                                                    "
"1","
"
"1"," [15]"
"1"," ""Q6 | Broken glow stick""                                                                "
"1","
"
"1"," [16]"
"1"," ""Q6 | Butterfinger""                                                                     "
"1","
"
"1"," [17]"
"1"," ""Q6 | Cadbury Creme Eggs""                                                               "
"1","
"
"1"," [18]"
"1"," ""Q6 | Candy Corn""                                                                       "
"1","
"
"1"," [19]"
"1"," ""Q6 | Candy that is clearly just the stuff given out for free at restaurants""           "
"1","
"
"1"," [20]"
"1"," ""Q6 | Caramellos""                                                                       "
"1","
"
"1"," [21]"
"1"," ""Q6 | Cash, or other forms of legal tender""                                             "
"1","
"
"1"," [22]"
"1"," ""Q6 | Chardonnay""                                                                       "
"1","
"
"1"," [23]"
"1"," ""Q6 | Chick-o-Sticks (we don’t know what that is)""                                      "
"1","
"
"1"," [24]"
"1"," ""Q6 | Chiclets""                                                                         "
"1","
"
"1"," [25]"
"1"," ""Q6 | Coffee Crisp""                                                                     "
"1","
"
"1"," [26]"
"1"," ""Q6 | Creepy Religious comics/Chick Tracts""                                             "
"1","
"
"1"," [27]"
"1"," ""Q6 | Dental paraphenalia""                                                              "
"1","
"
"1"," [28]"
"1"," ""Q6 | Dots""                                                                             "
"1","
"
"1"," [29]"
"1"," ""Q6 | Dove Bars""                                                                        "
"1","
"
"1"," [30]"
"1"," ""Q6 | Fuzzy Peaches""                                                                    "
"1","
"
"1"," [31]"
"1"," ""Q6 | Generic Brand Acetaminophen""                                                      "
"1","
"
"1"," [32]"
"1"," ""Q6 | Glow sticks""                                                                      "
"1","
"
"1"," [33]"
"1"," ""Q6 | Goo Goo Clusters""                                                                 "
"1","
"
"1"," [34]"
"1"," ""Q6 | Good N' Plenty""                                                                   "
"1","
"
"1"," [35]"
"1"," ""Q6 | Gum from baseball cards""                                                          "
"1","
"
"1"," [36]"
"1"," ""Q6 | Gummy Bears straight up""                                                          "
"1","
"
"1"," [37]"
"1"," ""Q6 | Hard Candy""                                                                       "
"1","
"
"1"," [38]"
"1"," ""Q6 | Healthy Fruit""                                                                    "
"1","
"
"1"," [39]"
"1"," ""Q6 | Heath Bar""                                                                        "
"1","
"
"1"," [40]"
"1"," ""Q6 | Hershey's Dark Chocolate""                                                         "
"1","
"
"1"," [41]"
"1"," ""Q6 | Hershey’s Milk Chocolate""                                                         "
"1","
"
"1"," [42]"
"1"," ""Q6 | Hershey's Kisses""                                                                 "
"1","
"
"1"," [43]"
"1"," ""Q6 | Hugs (actual physical hugs)""                                                      "
"1","
"
"1"," [44]"
"1"," ""Q6 | Jolly Rancher (bad flavor)""                                                       "
"1","
"
"1"," [45]"
"1"," ""Q6 | Jolly Ranchers (good flavor)""                                                     "
"1","
"
"1"," [46]"
"1"," ""Q6 | JoyJoy (Mit Iodine!)""                                                             "
"1","
"
"1"," [47]"
"1"," ""Q6 | Junior Mints""                                                                     "
"1","
"
"1"," [48]"
"1"," ""Q6 | Senior Mints""                                                                     "
"1","
"
"1"," [49]"
"1"," ""Q6 | Kale smoothie""                                                                    "
"1","
"
"1"," [50]"
"1"," ""Q6 | Kinder Happy Hippo""                                                               "
"1","
"
"1"," [51]"
"1"," ""Q6 | Kit Kat""                                                                          "
"1","
"
"1"," [52]"
"1"," ""Q6 | LaffyTaffy""                                                                       "
"1","
"
"1"," [53]"
"1"," ""Q6 | LemonHeads""                                                                       "
"1","
"
"1"," [54]"
"1"," ""Q6 | Licorice (not black)""                                                             "
"1","
"
"1"," [55]"
"1"," ""Q6 | Licorice (yes black)""                                                             "
"1","
"
"1"," [56]"
"1"," ""Q6 | Lindt Truffle""                                                                    "
"1","
"
"1"," [57]"
"1"," ""Q6 | Lollipops""                                                                        "
"1","
"
"1"," [58]"
"1"," ""Q6 | Mars""                                                                             "
"1","
"
"1"," [59]"
"1"," ""Q6 | Maynards""                                                                         "
"1","
"
"1"," [60]"
"1"," ""Q6 | Mike and Ike""                                                                     "
"1","
"
"1"," [61]"
"1"," ""Q6 | Milk Duds""                                                                        "
"1","
"
"1"," [62]"
"1"," ""Q6 | Milky Way""                                                                        "
"1","
"
"1"," [63]"
"1"," ""Q6 | Regular M&Ms""                                                                     "
"1","
"
"1"," [64]"
"1"," ""Q6 | Peanut M&M’s""                                                                     "
"1","
"
"1"," [65]"
"1"," ""Q6 | Blue M&M's""                                                                       "
"1","
"
"1"," [66]"
"1"," ""Q6 | Red M&M's""                                                                        "
"1","
"
"1"," [67]"
"1"," ""Q6 | Green Party M&M's""                                                                "
"1","
"
"1"," [68]"
"1"," ""Q6 | Independent M&M's""                                                                "
"1","
"
"1"," [69]"
"1"," ""Q6 | Abstained from M&M'ing.""                                                          "
"1","
"
"1"," [70]"
"1"," ""Q6 | Minibags of chips""                                                                "
"1","
"
"1"," [71]"
"1"," ""Q6 | Mint Kisses""                                                                      "
"1","
"
"1"," [72]"
"1"," ""Q6 | Mint Juleps""                                                                      "
"1","
"
"1"," [73]"
"1"," ""Q6 | Mr. Goodbar""                                                                      "
"1","
"
"1"," [74]"
"1"," ""Q6 | Necco Wafers""                                                                     "
"1","
"
"1"," [75]"
"1"," ""Q6 | Nerds""                                                                            "
"1","
"
"1"," [76]"
"1"," ""Q6 | Nestle Crunch""                                                                    "
"1","
"
"1"," [77]"
"1"," ""Q6 | Now'n'Laters""                                                                     "
"1","
"
"1"," [78]"
"1"," ""Q6 | Peeps""                                                                            "
"1","
"
"1"," [79]"
"1"," ""Q6 | Pencils""                                                                          "
"1","
"
"1"," [80]"
"1"," ""Q6 | Pixy Stix""                                                                        "
"1","
"
"1"," [81]"
"1"," ""Q6 | Real Housewives of Orange County Season 9 Blue-Ray""                               "
"1","
"
"1"," [82]"
"1"," ""Q6 | Reese’s Peanut Butter Cups""                                                       "
"1","
"
"1"," [83]"
"1"," ""Q6 | Reese's Pieces""                                                                   "
"1","
"
"1"," [84]"
"1"," ""Q6 | Reggie Jackson Bar""                                                               "
"1","
"
"1"," [85]"
"1"," ""Q6 | Rolos""                                                                            "
"1","
"
"1"," [86]"
"1"," ""Q6 | Sandwich-sized bags filled with BooBerry Crunch""                                  "
"1","
"
"1"," [87]"
"1"," ""Q6 | Skittles""                                                                         "
"1","
"
"1"," [88]"
"1"," ""Q6 | Smarties (American)""                                                              "
"1","
"
"1"," [89]"
"1"," ""Q6 | Smarties (Commonwealth)""                                                          "
"1","
"
"1"," [90]"
"1"," ""Q6 | Snickers""                                                                         "
"1","
"
"1"," [91]"
"1"," ""Q6 | Sourpatch Kids (i.e. abominations of nature)""                                     "
"1","
"
"1"," [92]"
"1"," ""Q6 | Spotted Dick""                                                                     "
"1","
"
"1"," [93]"
"1"," ""Q6 | Starburst""                                                                        "
"1","
"
"1"," [94]"
"1"," ""Q6 | Sweet Tarts""                                                                      "
"1","
"
"1"," [95]"
"1"," ""Q6 | Swedish Fish""                                                                     "
"1","
"
"1"," [96]"
"1"," ""Q6 | Sweetums (a friend to diabetes)""                                                  "
"1","
"
"1"," [97]"
"1"," ""Q6 | Take 5""                                                                           "
"1","
"
"1"," [98]"
"1"," ""Q6 | Tic Tacs""                                                                         "
"1","
"
"1"," [99]"
"1"," ""Q6 | Those odd marshmallow circus peanut things""                                       "
"1","
"
"1","[100]"
"1"," ""Q6 | Three Musketeers""                                                                 "
"1","
"
"1","[101]"
"1"," ""Q6 | Tolberone something or other""                                                     "
"1","
"
"1","[102]"
"1"," ""Q6 | Trail Mix""                                                                        "
"1","
"
"1","[103]"
"1"," ""Q6 | Twix""                                                                             "
"1","
"
"1","[104]"
"1"," ""Q6 | Vials of pure high fructose corn syrup, for main-lining into your vein""           "
"1","
"
"1","[105]"
"1"," ""Q6 | Vicodin""                                                                          "
"1","
"
"1","[106]"
"1"," ""Q6 | Whatchamacallit Bars""                                                             "
"1","
"
"1","[107]"
"1"," ""Q6 | White Bread""                                                                      "
"1","
"
"1","[108]"
"1"," ""Q6 | Whole Wheat anything""                                                             "
"1","
"
"1","[109]"
"1"," ""Q6 | York Peppermint Patties""                                                          "
"1","
"
"1","[110]"
"1"," ""Q7: JOY OTHER""                                                                         "
"1","
"
"1","[111]"
"1"," ""Q8: DESPAIR OTHER""                                                                     "
"1","
"
"1","[112]"
"1"," ""Q9: OTHER COMMENTS""                                                                    "
"1","
"
"1","[113]"
"1"," ""Q10: DRESS""                                                                            "
"1","
"
"1","[114]"
"1"," ""...114""                                                                                "
"1","
"
"1","[115]"
"1"," ""Q11: DAY""                                                                              "
"1","
"
"1","[116]"
"1"," ""Q12: MEDIA [Daily Dish]""                                                               "
"1","
"
"1","[117]"
"1"," ""Q12: MEDIA [Science]""                                                                  "
"1","
"
"1","[118]"
"1"," ""Q12: MEDIA [ESPN]""                                                                     "
"1","
"
"1","[119]"
"1"," ""Q12: MEDIA [Yahoo]""                                                                    "
"1","
"
"1","[120]"
"1"," ""Click Coordinates (x, y)""                                                              "
"1","
"
"0","final_2017 <- boing_boing_candy_2017[, -c(110:120)]"
"0",""
"0","colnames(final_2017)[4] =""age"""
"0",""
"0","colnames(final_2017)[2] =""going_out"""
"0",""
"0","colnames(final_2017)[3] =""your_gender"""
"0",""
"0","colnames(final_2017)[5] =""country"""
"0",""
"0","final_2017$numbers"
"2","Warning: Unknown or uninitialised column: `numbers`."
"1","NULL
"
"0","  options(scipen = 999)"
"0",""
"0","final_country_2017 <- final_2017 %>% "
"0","  mutate(country = str_replace(country, ""United States"", ""US"")) %>%"
"0","  mutate(country = str_replace(country, ""USA"", ""US"")) %>% "
"0","  mutate(country = str_replace(country, ""usa"", ""US"")) %>% "
"0","  mutate(country = str_replace(country, ""US of America"", ""US"")) %>% 	"
"0","  mutate(country = str_replace(country, ""uSA"", ""US"")) %>% "
"0","  mutate(country = str_replace(country, ""united states"", ""US"")) %>% "
"0","  mutate(country = str_replace(country, ""us"", ""US"")) %>% "
"0","  mutate(country = str_replace(country, ""US!"", ""US"")) %>% "
"0","  mutate(country = str_replace(country, ""U.S.A."", ""US"")) %>% "
"0","  mutate(country = str_replace(country, ""Murica"", ""US"")) %>% "
"0","  mutate(country = str_replace(country, ""Usa"", ""US"")) %>% "
"0","  mutate(country = str_replace(country, ""U.S."", ""US"")) %>% "
"0","  mutate(country = str_replace(country, ""Units States"", ""US"")) %>% "
"0","  mutate(country = str_replace(country, ""Us"", ""US"")) %>% "
"0","  mutate(country = str_replace(country, ""United states"", ""US"")) %>% "
"0","  mutate(country = str_replace(country, ""US USA USA"", ""US"")) %>% "
"0","  mutate(country = str_replace(country, ""the best one - US"", ""US"")) %>% "
"0","  mutate(country = str_replace(country, ""US USA! USA!	"", ""US"")) %>% "
"0","  mutate(country = str_replace(country, ""u.s."", ""US"")) %>% "
"0","  mutate(country = str_replace(country, ""there isn't one for old men"", ""US"")) %>% "
"0","  mutate(country = str_replace(country, ""u.s."", ""US"")) %>% "
"0","  mutate(country = str_replace(country, ""The Yoo Ess of Aaayyyyyy"", ""US"")) %>% "
"0","  mutate(country = str_replace(country, ""US of america"", ""US"")) %>% "
"0","  mutate(country = str_replace(country, ""u.s."", ""US"")) %>% "
"0","  mutate(country = str_replace(country, ""u.s."", ""US"")) %>% "
"0","  mutate(country = str_replace(country, ""United states"", ""US"")) %>% "
"0","  mutate(country = str_replace(country, ""	US!!!!!"", ""US"")) %>% "
"0","  mutate(country = str_replace(country, ""US USA!"", ""US"")) %>% "
"0","  mutate(country = str_replace(country, ""United Sates"", ""US"")) %>% "
"0","  mutate(country = str_replace(country, ""Sub-Canadian North America...'Merica"", ""US"")) %>% "
"0","  mutate(country = str_replace(country, ""Trumpistan"", ""US"")) %>% "
"0","  mutate(country = str_replace(country, ""America"", ""US"")) %>% "
"0","  mutate(country = str_replace(country, ""US USA! USA!"", ""US"")) %>% "
"0","  mutate(country = str_replace(country, ""Japan"", ""Other"")) %>% "
"0","  mutate(country = str_replace(country, ""canada"", ""Canada"")) %>% "
"0","  mutate(country = str_replace(country, ""france"", ""Other"")) %>% "
"0","  mutate(country = str_replace(country, ""A tropical island south of the equator"", ""Other"")) %>% "
"0","  mutate(country = str_replace(country, ""england"", ""UK"")) %>% "
"0","  mutate(country = str_replace(country, ""uk"", ""UK"")) %>% "
"0","  mutate(country = str_replace(country, ""Switzerland"", ""Other"")) %>% "
"0","  mutate(country = str_replace(country, ""United Kingdom"", ""UK"")) %>% "
"0","  mutate(country = str_replace(country, ""Korea"", ""Other"")) %>% "
"0","  mutate(country = str_replace(country, ""51.0"", ""US"")) %>% "
"0","  mutate(country = str_replace(country, ""croatia"", ""Other"")) %>% "
"0","  mutate(country = str_replace(country, ""Portugal"", ""Other"")) %>% "
"0","  mutate(country = str_replace(country, ""England"", ""Other"")) %>% "
"0","  mutate(country = str_replace(country, ""US USA!"", ""US"")) %>% "
"0","  mutate(country = str_replace(country, ""47.0"", ""US"")) %>% "
"0","  mutate(country = str_replace(country, ""Cascadia"", ""US"")) %>% "
"0","  mutate(country = str_replace(country, ""españa"", ""Other"")) %>% "
"0","  mutate(country = str_replace(country, ""france"", ""Other"")) %>% "
"0","  mutate(country = str_replace(country, ""Panama"", ""Other"")) %>% "
"0","  mutate(country = str_replace(country, ""United Kindom"", ""UK"")) %>% "
"0","  mutate(country = str_replace(country, ""AUStralia"", ""Other"")) %>% "
"0","  mutate(country = str_replace(country, ""hungary"", ""Other"")) %>% "
"0","  mutate(country = str_replace(country, ""Austria"", ""Other"")) %>% "
"0","  mutate(country = str_replace(country, ""New Zealand	"", ""Other"")) %>% "
"0","  mutate(country = str_replace(country, ""54.0"", ""US"")) %>% "
"0","  mutate(country = str_replace(country, ""Germany"", ""Other"")) %>% "
"0","  mutate(country = str_replace(country, ""Mexico"", ""Other"")) %>% "
"0","  mutate(country = str_replace(country, ""AUStralia"", ""Other"")) %>% "
"0","  mutate(country = str_replace(country, ""44.0"", ""US"")) %>% "
"0","  mutate(country = str_replace(country, ""Brasil"", ""Other"")) %>% "
"0","  mutate(country = str_replace(country, ""South Korea"", ""Other"")) %>% "
"0","  mutate(country = str_replace(country, ""US!!!!!"", ""Other"")) %>% "
"0","  mutate(country = str_replace(country, ""Philippines"", ""Other"")) %>% "
"0","  mutate(country = str_replace(country, ""EUA"", ""Other"")) %>% "
"0","  mutate(country = str_replace(country, ""45.0"", ""Other"")) %>% "
"0","  mutate(country = str_replace(country, ""sweden"", ""Other"")) %>% "
"0","  mutate(country = str_replace(country, ""The Netherlands"", ""Other"")) %>% "
"0","  mutate(country = str_replace(country, ""Finland"", ""Other"")) %>% "
"0","  mutate(country = str_replace(country, ""US USA!"", ""US"")) %>% "
"0","  mutate(country = str_replace(country, ""belgium"", ""Other"")) %>%"
"0","  mutate(country = str_replace(country, ""France"", ""Other"")) %>% "
"0","  mutate(country = str_replace(country, ""AUStria"", ""Other"")) %>% "
"0","  mutate(country = str_replace(country, ""New Zealand"", ""Other"")) %>% "
"0","  mutate(country = str_replace(country, ""South Other"", ""Other""))"
"0",""
"0","df2 <- final_country_2017[, c(6:109)]"
"0","df1 <- final_country_2017[, c(1:5)]"
"0",""
"0","set_names(substring(colnames(df2), 5))"
"1","                                                        STATE, PROVINCE, COUNTY, ETC "
"1","
"
"1","                                                      ""STATE, PROVINCE, COUNTY, ETC"" "
"1","
"
"1","                                                                       100 Grand Bar "
"1","
"
"1","                                                                    "" 100 Grand Bar"" "
"1","
"
"1","   Anonymous brown globs that come in black and orange wrappers\t(a.k.a. Mary Janes) "
"1","
"
"1",""" Anonymous brown globs that come in black and orange wrappers\t(a.k.a. Mary Janes)"" "
"1","
"
"1","                                                            Any full-sized candy bar "
"1","
"
"1","                                                         "" Any full-sized candy bar"" "
"1","
"
"1","                                                                         Black Jacks "
"1","
"
"1","                                                                      "" Black Jacks"" "
"1","
"
"1","                                                                 Bonkers (the candy) "
"1","
"
"1","                                                              "" Bonkers (the candy)"" "
"1","
"
"1","                                                            Bonkers (the board game) "
"1","
"
"1","                                                         "" Bonkers (the board game)"" "
"1","
"
"1","                                                                         Bottle Caps "
"1","
"
"1","                                                                      "" Bottle Caps"" "
"1","
"
"1","                                                                       Box'o'Raisins "
"1","
"
"1","                                                                    "" Box'o'Raisins"" "
"1","
"
"1","                                                                   Broken glow stick "
"1","
"
"1","                                                                "" Broken glow stick"" "
"1","
"
"1","                                                                        Butterfinger "
"1","
"
"1","                                                                     "" Butterfinger"" "
"1","
"
"1","                                                                  Cadbury Creme Eggs "
"1","
"
"1","                                                               "" Cadbury Creme Eggs"" "
"1","
"
"1","                                                                          Candy Corn "
"1","
"
"1","                                                                       "" Candy Corn"" "
"1","
"
"1","              Candy that is clearly just the stuff given out for free at restaurants "
"1","
"
"1","           "" Candy that is clearly just the stuff given out for free at restaurants"" "
"1","
"
"1","                                                                          Caramellos "
"1","
"
"1","                                                                       "" Caramellos"" "
"1","
"
"1","                                                Cash, or other forms of legal tender "
"1","
"
"1","                                             "" Cash, or other forms of legal tender"" "
"1","
"
"1","                                                                          Chardonnay "
"1","
"
"1","                                                                       "" Chardonnay"" "
"1","
"
"1","                                         Chick-o-Sticks (we don’t know what that is) "
"1","
"
"1","                                      "" Chick-o-Sticks (we don’t know what that is)"" "
"1","
"
"1","                                                                            Chiclets "
"1","
"
"1","                                                                         "" Chiclets"" "
"1","
"
"1","                                                                        Coffee Crisp "
"1","
"
"1","                                                                     "" Coffee Crisp"" "
"1","
"
"1","                                                Creepy Religious comics/Chick Tracts "
"1","
"
"1","                                             "" Creepy Religious comics/Chick Tracts"" "
"1","
"
"1","                                                                 Dental paraphenalia "
"1","
"
"1","                                                              "" Dental paraphenalia"" "
"1","
"
"1","                                                                                Dots "
"1","
"
"1","                                                                             "" Dots"" "
"1","
"
"1","                                                                           Dove Bars "
"1","
"
"1","                                                                        "" Dove Bars"" "
"1","
"
"1","                                                                       Fuzzy Peaches "
"1","
"
"1","                                                                    "" Fuzzy Peaches"" "
"1","
"
"1","                                                         Generic Brand Acetaminophen "
"1","
"
"1","                                                      "" Generic Brand Acetaminophen"" "
"1","
"
"1","                                                                         Glow sticks "
"1","
"
"1","                                                                      "" Glow sticks"" "
"1","
"
"1","                                                                    Goo Goo Clusters "
"1","
"
"1","                                                                 "" Goo Goo Clusters"" "
"1","
"
"1","                                                                      Good N' Plenty "
"1","
"
"1","                                                                   "" Good N' Plenty"" "
"1","
"
"1","                                                             Gum from baseball cards "
"1","
"
"1","                                                          "" Gum from baseball cards"" "
"1","
"
"1","                                                             Gummy Bears straight up "
"1","
"
"1","                                                          "" Gummy Bears straight up"" "
"1","
"
"1","                                                                          Hard Candy "
"1","
"
"1","                                                                       "" Hard Candy"" "
"1","
"
"1","                                                                       Healthy Fruit "
"1","
"
"1","                                                                    "" Healthy Fruit"" "
"1","
"
"1","                                                                           Heath Bar "
"1","
"
"1","                                                                        "" Heath Bar"" "
"1","
"
"1","                                                            Hershey's Dark Chocolate "
"1","
"
"1","                                                         "" Hershey's Dark Chocolate"" "
"1","
"
"1","                                                            Hershey’s Milk Chocolate "
"1","
"
"1","                                                         "" Hershey’s Milk Chocolate"" "
"1","
"
"1","                                                                    Hershey's Kisses "
"1","
"
"1","                                                                 "" Hershey's Kisses"" "
"1","
"
"1","                                                         Hugs (actual physical hugs) "
"1","
"
"1","                                                      "" Hugs (actual physical hugs)"" "
"1","
"
"1","                                                          Jolly Rancher (bad flavor) "
"1","
"
"1","                                                       "" Jolly Rancher (bad flavor)"" "
"1","
"
"1","                                                        Jolly Ranchers (good flavor) "
"1","
"
"1","                                                     "" Jolly Ranchers (good flavor)"" "
"1","
"
"1","                                                                JoyJoy (Mit Iodine!) "
"1","
"
"1","                                                             "" JoyJoy (Mit Iodine!)"" "
"1","
"
"1","                                                                        Junior Mints "
"1","
"
"1","                                                                     "" Junior Mints"" "
"1","
"
"1","                                                                        Senior Mints "
"1","
"
"1","                                                                     "" Senior Mints"" "
"1","
"
"1","                                                                       Kale smoothie "
"1","
"
"1","                                                                    "" Kale smoothie"" "
"1","
"
"1","                                                                  Kinder Happy Hippo "
"1","
"
"1","                                                               "" Kinder Happy Hippo"" "
"1","
"
"1","                                                                             Kit Kat "
"1","
"
"1","                                                                          "" Kit Kat"" "
"1","
"
"1","                                                                          LaffyTaffy "
"1","
"
"1","                                                                       "" LaffyTaffy"" "
"1","
"
"1","                                                                          LemonHeads "
"1","
"
"1","                                                                       "" LemonHeads"" "
"1","
"
"1","                                                                Licorice (not black) "
"1","
"
"1","                                                             "" Licorice (not black)"" "
"1","
"
"1","                                                                Licorice (yes black) "
"1","
"
"1","                                                             "" Licorice (yes black)"" "
"1","
"
"1","                                                                       Lindt Truffle "
"1","
"
"1","                                                                    "" Lindt Truffle"" "
"1","
"
"1","                                                                           Lollipops "
"1","
"
"1","                                                                        "" Lollipops"" "
"1","
"
"1","                                                                                Mars "
"1","
"
"1","                                                                             "" Mars"" "
"1","
"
"1","                                                                            Maynards "
"1","
"
"1","                                                                         "" Maynards"" "
"1","
"
"1","                                                                        Mike and Ike "
"1","
"
"1","                                                                     "" Mike and Ike"" "
"1","
"
"1","                                                                           Milk Duds "
"1","
"
"1","                                                                        "" Milk Duds"" "
"1","
"
"1","                                                                           Milky Way "
"1","
"
"1","                                                                        "" Milky Way"" "
"1","
"
"1","                                                                        Regular M&Ms "
"1","
"
"1","                                                                     "" Regular M&Ms"" "
"1","
"
"1","                                                                        Peanut M&M’s "
"1","
"
"1","                                                                     "" Peanut M&M’s"" "
"1","
"
"1","                                                                          Blue M&M's "
"1","
"
"1","                                                                       "" Blue M&M's"" "
"1","
"
"1","                                                                           Red M&M's "
"1","
"
"1","                                                                        "" Red M&M's"" "
"1","
"
"1","                                                                   Green Party M&M's "
"1","
"
"1","                                                                "" Green Party M&M's"" "
"1","
"
"1","                                                                   Independent M&M's "
"1","
"
"1","                                                                "" Independent M&M's"" "
"1","
"
"1","                                                             Abstained from M&M'ing. "
"1","
"
"1","                                                          "" Abstained from M&M'ing."" "
"1","
"
"1","                                                                   Minibags of chips "
"1","
"
"1","                                                                "" Minibags of chips"" "
"1","
"
"1","                                                                         Mint Kisses "
"1","
"
"1","                                                                      "" Mint Kisses"" "
"1","
"
"1","                                                                         Mint Juleps "
"1","
"
"1","                                                                      "" Mint Juleps"" "
"1","
"
"1","                                                                         Mr. Goodbar "
"1","
"
"1","                                                                      "" Mr. Goodbar"" "
"1","
"
"1","                                                                        Necco Wafers "
"1","
"
"1","                                                                     "" Necco Wafers"" "
"1","
"
"1","                                                                               Nerds "
"1","
"
"1","                                                                            "" Nerds"" "
"1","
"
"1","                                                                       Nestle Crunch "
"1","
"
"1","                                                                    "" Nestle Crunch"" "
"1","
"
"1","                                                                        Now'n'Laters "
"1","
"
"1","                                                                     "" Now'n'Laters"" "
"1","
"
"1","                                                                               Peeps "
"1","
"
"1","                                                                            "" Peeps"" "
"1","
"
"1","                                                                             Pencils "
"1","
"
"1","                                                                          "" Pencils"" "
"1","
"
"1","                                                                           Pixy Stix "
"1","
"
"1","                                                                        "" Pixy Stix"" "
"1","
"
"1","                                  Real Housewives of Orange County Season 9 Blue-Ray "
"1","
"
"1","                               "" Real Housewives of Orange County Season 9 Blue-Ray"" "
"1","
"
"1","                                                          Reese’s Peanut Butter Cups "
"1","
"
"1","                                                       "" Reese’s Peanut Butter Cups"" "
"1","
"
"1","                                                                      Reese's Pieces "
"1","
"
"1","                                                                   "" Reese's Pieces"" "
"1","
"
"1","                                                                  Reggie Jackson Bar "
"1","
"
"1","                                                               "" Reggie Jackson Bar"" "
"1","
"
"1","                                                                               Rolos "
"1","
"
"1","                                                                            "" Rolos"" "
"1","
"
"1","                                     Sandwich-sized bags filled with BooBerry Crunch "
"1","
"
"1","                                  "" Sandwich-sized bags filled with BooBerry Crunch"" "
"1","
"
"1","                                                                            Skittles "
"1","
"
"1","                                                                         "" Skittles"" "
"1","
"
"1","                                                                 Smarties (American) "
"1","
"
"1","                                                              "" Smarties (American)"" "
"1","
"
"1","                                                             Smarties (Commonwealth) "
"1","
"
"1","                                                          "" Smarties (Commonwealth)"" "
"1","
"
"1","                                                                            Snickers "
"1","
"
"1","                                                                         "" Snickers"" "
"1","
"
"1","                                        Sourpatch Kids (i.e. abominations of nature) "
"1","
"
"1","                                     "" Sourpatch Kids (i.e. abominations of nature)"" "
"1","
"
"1","                                                                        Spotted Dick "
"1","
"
"1","                                                                     "" Spotted Dick"" "
"1","
"
"1","                                                                           Starburst "
"1","
"
"1","                                                                        "" Starburst"" "
"1","
"
"1","                                                                         Sweet Tarts "
"1","
"
"1","                                                                      "" Sweet Tarts"" "
"1","
"
"1","                                                                        Swedish Fish "
"1","
"
"1","                                                                     "" Swedish Fish"" "
"1","
"
"1","                                                     Sweetums (a friend to diabetes) "
"1","
"
"1","                                                  "" Sweetums (a friend to diabetes)"" "
"1","
"
"1","                                                                              Take 5 "
"1","
"
"1","                                                                           "" Take 5"" "
"1","
"
"1","                                                                            Tic Tacs "
"1","
"
"1","                                                                         "" Tic Tacs"" "
"1","
"
"1","                                          Those odd marshmallow circus peanut things "
"1","
"
"1","                                       "" Those odd marshmallow circus peanut things"" "
"1","
"
"1","                                                                    Three Musketeers "
"1","
"
"1","                                                                 "" Three Musketeers"" "
"1","
"
"1","                                                        Tolberone something or other "
"1","
"
"1","                                                     "" Tolberone something or other"" "
"1","
"
"1","                                                                           Trail Mix "
"1","
"
"1","                                                                        "" Trail Mix"" "
"1","
"
"1","                                                                                Twix "
"1","
"
"1","                                                                             "" Twix"" "
"1","
"
"1","              Vials of pure high fructose corn syrup, for main-lining into your vein "
"1","
"
"1","           "" Vials of pure high fructose corn syrup, for main-lining into your vein"" "
"1","
"
"1","                                                                             Vicodin "
"1","
"
"1","                                                                          "" Vicodin"" "
"1","
"
"1","                                                                Whatchamacallit Bars "
"1","
"
"1","                                                             "" Whatchamacallit Bars"" "
"1","
"
"1","                                                                         White Bread "
"1","
"
"1","                                                                      "" White Bread"" "
"1","
"
"1","                                                                Whole Wheat anything "
"1","
"
"1","                                                             "" Whole Wheat anything"" "
"1","
"
"1","                                                             York Peppermint Patties "
"1","
"
"1","                                                          "" York Peppermint Patties"" "
"1","
"
"0","colnames(df2) <- setNames(substring(colnames(df2), 6), colnames(df2)[7:109])"
"0",""
"0","final_country_2017 <- cbind(df1, df2) "
"0",""
"0","f2017 <- final_country_2017[, -c(6)]"
"0",""
"0",""
"0","colnames(final_2017)"
"1","  [1]"
"1"," ""Internal ID""                                                                           "
"1","
"
"1","  [2]"
"1"," ""going_out""                                                                             "
"1","
"
"1","  [3]"
"1"," ""your_gender""                                                                           "
"1","
"
"1","  [4]"
"1"," ""age""                                                                                   "
"1","
"
"1","  [5]"
"1"," ""country""                                                                               "
"1","
"
"1","  [6]"
"1"," ""Q5: STATE, PROVINCE, COUNTY, ETC""                                                      "
"1","
"
"1","  [7]"
"1"," ""Q6 | 100 Grand Bar""                                                                    "
"1","
"
"1","  [8]"
"1"," ""Q6 | Anonymous brown globs that come in black and orange wrappers\t(a.k.a. Mary Janes)"""
"1","
"
"1","  [9]"
"1"," ""Q6 | Any full-sized candy bar""                                                         "
"1","
"
"1"," [10]"
"1"," ""Q6 | Black Jacks""                                                                      "
"1","
"
"1"," [11]"
"1"," ""Q6 | Bonkers (the candy)""                                                              "
"1","
"
"1"," [12]"
"1"," ""Q6 | Bonkers (the board game)""                                                         "
"1","
"
"1"," [13]"
"1"," ""Q6 | Bottle Caps""                                                                      "
"1","
"
"1"," [14]"
"1"," ""Q6 | Box'o'Raisins""                                                                    "
"1","
"
"1"," [15]"
"1"," ""Q6 | Broken glow stick""                                                                "
"1","
"
"1"," [16]"
"1"," ""Q6 | Butterfinger""                                                                     "
"1","
"
"1"," [17]"
"1"," ""Q6 | Cadbury Creme Eggs""                                                               "
"1","
"
"1"," [18]"
"1"," ""Q6 | Candy Corn""                                                                       "
"1","
"
"1"," [19]"
"1"," ""Q6 | Candy that is clearly just the stuff given out for free at restaurants""           "
"1","
"
"1"," [20]"
"1"," ""Q6 | Caramellos""                                                                       "
"1","
"
"1"," [21]"
"1"," ""Q6 | Cash, or other forms of legal tender""                                             "
"1","
"
"1"," [22]"
"1"," ""Q6 | Chardonnay""                                                                       "
"1","
"
"1"," [23]"
"1"," ""Q6 | Chick-o-Sticks (we don’t know what that is)""                                      "
"1","
"
"1"," [24]"
"1"," ""Q6 | Chiclets""                                                                         "
"1","
"
"1"," [25]"
"1"," ""Q6 | Coffee Crisp""                                                                     "
"1","
"
"1"," [26]"
"1"," ""Q6 | Creepy Religious comics/Chick Tracts""                                             "
"1","
"
"1"," [27]"
"1"," ""Q6 | Dental paraphenalia""                                                              "
"1","
"
"1"," [28]"
"1"," ""Q6 | Dots""                                                                             "
"1","
"
"1"," [29]"
"1"," ""Q6 | Dove Bars""                                                                        "
"1","
"
"1"," [30]"
"1"," ""Q6 | Fuzzy Peaches""                                                                    "
"1","
"
"1"," [31]"
"1"," ""Q6 | Generic Brand Acetaminophen""                                                      "
"1","
"
"1"," [32]"
"1"," ""Q6 | Glow sticks""                                                                      "
"1","
"
"1"," [33]"
"1"," ""Q6 | Goo Goo Clusters""                                                                 "
"1","
"
"1"," [34]"
"1"," ""Q6 | Good N' Plenty""                                                                   "
"1","
"
"1"," [35]"
"1"," ""Q6 | Gum from baseball cards""                                                          "
"1","
"
"1"," [36]"
"1"," ""Q6 | Gummy Bears straight up""                                                          "
"1","
"
"1"," [37]"
"1"," ""Q6 | Hard Candy""                                                                       "
"1","
"
"1"," [38]"
"1"," ""Q6 | Healthy Fruit""                                                                    "
"1","
"
"1"," [39]"
"1"," ""Q6 | Heath Bar""                                                                        "
"1","
"
"1"," [40]"
"1"," ""Q6 | Hershey's Dark Chocolate""                                                         "
"1","
"
"1"," [41]"
"1"," ""Q6 | Hershey’s Milk Chocolate""                                                         "
"1","
"
"1"," [42]"
"1"," ""Q6 | Hershey's Kisses""                                                                 "
"1","
"
"1"," [43]"
"1"," ""Q6 | Hugs (actual physical hugs)""                                                      "
"1","
"
"1"," [44]"
"1"," ""Q6 | Jolly Rancher (bad flavor)""                                                       "
"1","
"
"1"," [45]"
"1"," ""Q6 | Jolly Ranchers (good flavor)""                                                     "
"1","
"
"1"," [46]"
"1"," ""Q6 | JoyJoy (Mit Iodine!)""                                                             "
"1","
"
"1"," [47]"
"1"," ""Q6 | Junior Mints""                                                                     "
"1","
"
"1"," [48]"
"1"," ""Q6 | Senior Mints""                                                                     "
"1","
"
"1"," [49]"
"1"," ""Q6 | Kale smoothie""                                                                    "
"1","
"
"1"," [50]"
"1"," ""Q6 | Kinder Happy Hippo""                                                               "
"1","
"
"1"," [51]"
"1"," ""Q6 | Kit Kat""                                                                          "
"1","
"
"1"," [52]"
"1"," ""Q6 | LaffyTaffy""                                                                       "
"1","
"
"1"," [53]"
"1"," ""Q6 | LemonHeads""                                                                       "
"1","
"
"1"," [54]"
"1"," ""Q6 | Licorice (not black)""                                                             "
"1","
"
"1"," [55]"
"1"," ""Q6 | Licorice (yes black)""                                                             "
"1","
"
"1"," [56]"
"1"," ""Q6 | Lindt Truffle""                                                                    "
"1","
"
"1"," [57]"
"1"," ""Q6 | Lollipops""                                                                        "
"1","
"
"1"," [58]"
"1"," ""Q6 | Mars""                                                                             "
"1","
"
"1"," [59]"
"1"," ""Q6 | Maynards""                                                                         "
"1","
"
"1"," [60]"
"1"," ""Q6 | Mike and Ike""                                                                     "
"1","
"
"1"," [61]"
"1"," ""Q6 | Milk Duds""                                                                        "
"1","
"
"1"," [62]"
"1"," ""Q6 | Milky Way""                                                                        "
"1","
"
"1"," [63]"
"1"," ""Q6 | Regular M&Ms""                                                                     "
"1","
"
"1"," [64]"
"1"," ""Q6 | Peanut M&M’s""                                                                     "
"1","
"
"1"," [65]"
"1"," ""Q6 | Blue M&M's""                                                                       "
"1","
"
"1"," [66]"
"1"," ""Q6 | Red M&M's""                                                                        "
"1","
"
"1"," [67]"
"1"," ""Q6 | Green Party M&M's""                                                                "
"1","
"
"1"," [68]"
"1"," ""Q6 | Independent M&M's""                                                                "
"1","
"
"1"," [69]"
"1"," ""Q6 | Abstained from M&M'ing.""                                                          "
"1","
"
"1"," [70]"
"1"," ""Q6 | Minibags of chips""                                                                "
"1","
"
"1"," [71]"
"1"," ""Q6 | Mint Kisses""                                                                      "
"1","
"
"1"," [72]"
"1"," ""Q6 | Mint Juleps""                                                                      "
"1","
"
"1"," [73]"
"1"," ""Q6 | Mr. Goodbar""                                                                      "
"1","
"
"1"," [74]"
"1"," ""Q6 | Necco Wafers""                                                                     "
"1","
"
"1"," [75]"
"1"," ""Q6 | Nerds""                                                                            "
"1","
"
"1"," [76]"
"1"," ""Q6 | Nestle Crunch""                                                                    "
"1","
"
"1"," [77]"
"1"," ""Q6 | Now'n'Laters""                                                                     "
"1","
"
"1"," [78]"
"1"," ""Q6 | Peeps""                                                                            "
"1","
"
"1"," [79]"
"1"," ""Q6 | Pencils""                                                                          "
"1","
"
"1"," [80]"
"1"," ""Q6 | Pixy Stix""                                                                        "
"1","
"
"1"," [81]"
"1"," ""Q6 | Real Housewives of Orange County Season 9 Blue-Ray""                               "
"1","
"
"1"," [82]"
"1"," ""Q6 | Reese’s Peanut Butter Cups""                                                       "
"1","
"
"1"," [83]"
"1"," ""Q6 | Reese's Pieces""                                                                   "
"1","
"
"1"," [84]"
"1"," ""Q6 | Reggie Jackson Bar""                                                               "
"1","
"
"1"," [85]"
"1"," ""Q6 | Rolos""                                                                            "
"1","
"
"1"," [86]"
"1"," ""Q6 | Sandwich-sized bags filled with BooBerry Crunch""                                  "
"1","
"
"1"," [87]"
"1"," ""Q6 | Skittles""                                                                         "
"1","
"
"1"," [88]"
"1"," ""Q6 | Smarties (American)""                                                              "
"1","
"
"1"," [89]"
"1"," ""Q6 | Smarties (Commonwealth)""                                                          "
"1","
"
"1"," [90]"
"1"," ""Q6 | Snickers""                                                                         "
"1","
"
"1"," [91]"
"1"," ""Q6 | Sourpatch Kids (i.e. abominations of nature)""                                     "
"1","
"
"1"," [92]"
"1"," ""Q6 | Spotted Dick""                                                                     "
"1","
"
"1"," [93]"
"1"," ""Q6 | Starburst""                                                                        "
"1","
"
"1"," [94]"
"1"," ""Q6 | Sweet Tarts""                                                                      "
"1","
"
"1"," [95]"
"1"," ""Q6 | Swedish Fish""                                                                     "
"1","
"
"1"," [96]"
"1"," ""Q6 | Sweetums (a friend to diabetes)""                                                  "
"1","
"
"1"," [97]"
"1"," ""Q6 | Take 5""                                                                           "
"1","
"
"1"," [98]"
"1"," ""Q6 | Tic Tacs""                                                                         "
"1","
"
"1"," [99]"
"1"," ""Q6 | Those odd marshmallow circus peanut things""                                       "
"1","
"
"1","[100]"
"1"," ""Q6 | Three Musketeers""                                                                 "
"1","
"
"1","[101]"
"1"," ""Q6 | Tolberone something or other""                                                     "
"1","
"
"1","[102]"
"1"," ""Q6 | Trail Mix""                                                                        "
"1","
"
"1","[103]"
"1"," ""Q6 | Twix""                                                                             "
"1","
"
"1","[104]"
"1"," ""Q6 | Vials of pure high fructose corn syrup, for main-lining into your vein""           "
"1","
"
"1","[105]"
"1"," ""Q6 | Vicodin""                                                                          "
"1","
"
"1","[106]"
"1"," ""Q6 | Whatchamacallit Bars""                                                             "
"1","
"
"1","[107]"
"1"," ""Q6 | White Bread""                                                                      "
"1","
"
"1","[108]"
"1"," ""Q6 | Whole Wheat anything""                                                             "
"1","
"
"1","[109]"
"1"," ""Q6 | York Peppermint Patties""                                                          "
"1","
"
"0","pivot_2017 <- f2017 %>% "
"0","  pivot_longer(cols= -c('Internal ID',age, your_gender, country, going_out), names_to = ""candy_type"",values_to =  ""rating"") %>% "
"0","  mutate(year = 2017)"
"0",""
"0","pivot_2017 <- pivot_2017 [, -c(1)]"
"0","  "
"0",""
