"0","##What was the most popular candy bar by this rating for people in US, Canada, UK, and all other countries?"
"0",""
"0","US <- subset(new_column, grepl(""US"", country)) "
"0",""
"0","options(dplyr.summarise.inform = FALSE)"
"0","  "
"0","pop_candy_US <- US %>%"
"0","  group_by(candy_type) %>%"
"0","  dplyr::summarize(total = sum(rate_no))"
"0",""
"0","US_sorted <- pop_candy_US[order(pop_candy_US$total), ]"
"0",""
"0",""
"0","UK <- subset(new_column, grepl(""UK"", country)) "
"0",""
"0","options(dplyr.summarise.inform = FALSE)"
"0","  "
"0","pop_candy_UK <- UK %>%"
"0","  group_by(candy_type) %>%"
"0","  dplyr::summarize(total = sum(rate_no))"
"0",""
"0","UK_sorted <- pop_candy_UK[order(pop_candy_UK$total), ]"
"0",""
"0",""
"0","Canada <- subset(new_column, grepl(""Canada"", country)) "
"0",""
"0","options(dplyr.summarise.inform = FALSE)"
"0","  "
"0","pop_candy_Canada <- Canada %>%"
"0","  group_by(candy_type) %>%"
"0","  dplyr::summarize(total = sum(rate_no))"
"0",""
"0","Canada_sorted <- pop_candy_Canada[order(pop_candy_Canada$total), ]"
"0",""
"0","Other <- subset(new_column, grepl(""Other"", country)) "
"0",""
"0","options(dplyr.summarise.inform = FALSE)"
"0","  "
"0","pop_candy_Other <- Other %>%"
"0","  group_by(candy_type) %>%"
"0","  dplyr::summarize(total = sum(rate_no))"
"0",""
"0","Other_sorted <- pop_candy_Other[order(pop_candy_Other$total), ]"
"0",""
"0",""
"0","#ANSWER: US: Any full Sized candy bar  UK: Cash or other forms of legal tender  Canada: Any full sized candy bar  Other: Cash or other forms of legal tender"
